Date,Open,High,Low,Close,Volume,Dividends,Stock Splits,Ticker,Market Cap,P/E Ratio,Dividend Yield,EPS
2021-09-01 00:00:00-04:00,244.69332885742188,247.3300018310547,243.7566680908203,244.69667053222656,39612900,0.0,0.0,TSLA,1142427484160,174.96304,N/A,2.03
2021-09-02 00:00:00-04:00,244.8333282470703,246.99000549316406,243.51333618164062,244.1300048828125,38331900,0.0,0.0,TSLA,1142427484160,174.96304,N/A,2.03
2021-09-03 00:00:00-04:00,244.0833282470703,244.6666717529297,241.39999389648438,244.52333068847656,45738300,0.0,0.0,TSLA,1142427484160,174.96304,N/A,2.03
2021-09-07 00:00:00-04:00,246.6666717529297,253.39999389648438,246.4199981689453,250.97332763671875,60119400,0.0,0.0,TSLA,1142427484160,174.96304,N/A,2.03
2021-09-08 00:00:00-04:00,253.86000061035156,254.81666564941406,246.92333984375,251.2899932861328,56379000,0.0,0.0,TSLA,1142427484160,174.96304,N/A,2.03
2021-09-09 00:00:00-04:00,251.1366729736328,254.03334045410156,250.5433349609375,251.6199951171875,42233100,0.0,0.0,TSLA,1142427484160,174.96304,N/A,2.03
2021-09-10 00:00:00-04:00,253.1999969482422,254.20333862304688,244.83999633789062,245.42333984375,45552600,0.0,0.0,TSLA,1142427484160,174.96304,N/A,2.03
2021-09-13 00:00:00-04:00,246.73666381835938,248.25999450683594,236.28334045410156,247.6666717529297,68857500,0.0,0.0,TSLA,1142427484160,174.96304,N/A,2.03
2021-09-14 00:00:00-04:00,247.52333068847656,251.49000549316406,245.46665954589844,248.163330078125,55574700,0.0,0.0,TSLA,1142427484160,174.96304,N/A,2.03
2021-09-15 00:00:00-04:00,248.3333282470703,252.2866668701172,246.1199951171875,251.94332885742188,46073100,0.0,0.0,TSLA,1142427484160,174.96304,N/A,2.03
2021-09-16 00:00:00-04:00,250.94332885742188,252.97000122070312,249.20333862304688,252.3300018310547,41770200,0.0,0.0,TSLA,1142427484160,174.96304,N/A,2.03
2021-09-17 00:00:00-04:00,252.38333129882812,253.67999267578125,250.0,253.163330078125,84612600,0.0,0.0,TSLA,1142427484160,174.96304,N/A,2.03
2021-09-20 00:00:00-04:00,244.85333251953125,247.3333282470703,239.5399932861328,243.38999938964844,74273100,0.0,0.0,TSLA,1142427484160,174.96304,N/A,2.03
2021-09-21 00:00:00-04:00,244.92999267578125,248.24667358398438,243.47999572753906,246.4600067138672,48992100,0.0,0.0,TSLA,1142427484160,174.96304,N/A,2.03
2021-09-22 00:00:00-04:00,247.8433380126953,251.22332763671875,246.3733367919922,250.64666748046875,45378900,0.0,0.0,TSLA,1142427484160,174.96304,N/A,2.03
2021-09-23 00:00:00-04:00,251.6666717529297,252.73333740234375,249.30667114257812,251.2133331298828,35842500,0.0,0.0,TSLA,1142427484160,174.96304,N/A,2.03
2021-09-24 00:00:00-04:00,248.6300048828125,258.26666259765625,248.18666076660156,258.1300048828125,64119000,0.0,0.0,TSLA,1142427484160,174.96304,N/A,2.03
2021-09-27 00:00:00-04:00,257.7066650390625,266.3333435058594,256.4366760253906,263.78668212890625,84212100,0.0,0.0,TSLA,1142427484160,174.96304,N/A,2.03
2021-09-28 00:00:00-04:00,262.3999938964844,265.21331787109375,255.39332580566406,259.1866760253906,76144200,0.0,0.0,TSLA,1142427484160,174.96304,N/A,2.03
2021-09-29 00:00:00-04:00,259.9333190917969,264.5,256.8933410644531,260.4366760253906,62828700,0.0,0.0,TSLA,1142427484160,174.96304,N/A,2.03
2021-09-01 00:00:00-04:00,112.89212361714365,113.96263560111373,112.27234975044877,113.11749267578125,8603900,0.0,0.0,TSM,1049178865664,29.445183,1.34,6.87
2021-09-02 00:00:00-04:00,113.56824941473754,113.99081733785792,113.11750408763572,113.4273910522461,6866400,0.0,0.0,TSM,1049178865664,29.445183,1.34,6.87
2021-09-03 00:00:00-04:00,114.16922414278707,116.8924592080618,113.86872968371661,116.41354370117188,10361400,0.0,0.0,TSM,1049178865664,29.445183,1.34,6.87
2021-09-07 00:00:00-04:00,117.02393418185778,117.64370091745776,116.33842733775947,117.09905242919922,9739900,0.0,0.0,TSM,1049178865664,29.445183,1.34,6.87
2021-09-08 00:00:00-04:00,115.47452173439542,115.63415788190957,113.84058321977314,114.4603500366211,7983300,0.0,0.0,TSM,1049178865664,29.445183,1.34,6.87
2021-09-09 00:00:00-04:00,114.7420635574771,115.96281938362388,114.45095434827353,115.20219421386719,5101300,0.0,0.0,TSM,1049178865664,29.445183,1.34,6.87
2021-09-10 00:00:00-04:00,115.52145057088114,116.76099116314475,115.39937715440523,115.47450256347656,5163900,0.0,0.0,TSM,1049178865664,29.445183,1.34,6.87
2021-09-13 00:00:00-04:00,115.44633299147512,116.53562277187359,114.75143370009063,116.08488464355469,6622800,0.0,0.0,TSM,1049178865664,29.445183,1.34,6.87
2021-09-14 00:00:00-04:00,116.0942668453872,116.0942668453872,114.93924415361359,115.5871810913086,5110500,0.0,0.0,TSM,1049178865664,29.445183,1.34,6.87
2021-09-15 00:00:00-04:00,114.94865171362957,115.03316243489584,113.51190497291586,114.0941162109375,5566500,0.0,0.0,TSM,1049178865664,29.445183,1.34,6.87
2021-09-16 00:00:00-04:00,113.14839320682607,114.21387131976249,112.53550463819954,113.8932876586914,7301400,0.497,0.0,TSM,1049178865664,29.445183,1.34,6.87
2021-09-17 00:00:00-04:00,113.32752607980319,113.59153779723826,110.9702683258762,111.02684020996094,10722700,0.0,0.0,TSM,1049178865664,29.445183,1.34,6.87
2021-09-20 00:00:00-04:00,108.62245260626639,109.38620913815778,107.0666679832683,108.1510009765625,8991000,0.0,0.0,TSM,1049178865664,29.445183,1.34,6.87
2021-09-21 00:00:00-04:00,109.04674650249586,109.2541863384468,108.00955451652106,108.3961410522461,8182200,0.0,0.0,TSM,1049178865664,29.445183,1.34,6.87
2021-09-22 00:00:00-04:00,108.65073869563669,109.6030657463124,108.34900995995895,109.25419616699219,5345600,0.0,0.0,TSM,1049178865664,29.445183,1.34,6.87
2021-09-23 00:00:00-04:00,110.29139447645696,110.29139447645696,108.9901833853967,109.5559310913086,5484700,0.0,0.0,TSM,1049178865664,29.445183,1.34,6.87
2021-09-24 00:00:00-04:00,109.37677637099179,109.90479988594532,108.93361069503541,109.0373306274414,4455900,0.0,0.0,TSM,1049178865664,29.445183,1.34,6.87
2021-09-27 00:00:00-04:00,109.09389299606605,109.91422133699385,108.44329470587662,109.51820373535156,5198800,0.0,0.0,TSM,1049178865664,29.445183,1.34,6.87
2021-09-28 00:00:00-04:00,107.80212700239112,108.47158742616513,105.46372384863648,105.51087188720703,9792300,0.0,0.0,TSM,1049178865664,29.445183,1.34,6.87
2021-09-29 00:00:00-04:00,105.88802347072506,106.40661587152093,104.68110143187413,105.2468490600586,6522400,0.0,0.0,TSM,1049178865664,29.445183,1.34,6.87
2021-09-01 00:00:00-04:00,149.98283843704763,152.09277878484346,149.50196155532296,149.66879272460938,80313700,0.0,0.0,AAPL,3675307114496,38.773376,0.41,6.31
2021-09-02 00:00:00-04:00,151.0034698406252,151.83764073221985,149.56085404781211,150.78756713867188,71115500,0.0,0.0,AAPL,3675307114496,38.773376,0.41,6.31
2021-09-03 00:00:00-04:00,150.89549719045843,151.749299563858,150.23798086351027,151.42544555664062,57808700,0.0,0.0,AAPL,3675307114496,38.773376,0.41,6.31
2021-09-07 00:00:00-04:00,152.08294653860207,154.33027778829793,151.51375000527457,153.77090454101562,82278300,0.0,0.0,AAPL,3675307114496,38.773376,0.41,6.31
2021-09-08 00:00:00-04:00,154.05555622258143,154.11443606404353,151.1114443532583,152.22039794921875,74420200,0.0,0.0,AAPL,3675307114496,38.773376,0.41,6.31
2021-09-09 00:00:00-04:00,152.5932662544077,153.20171102031637,151.08194767683096,151.19972229003906,57305700,0.0,0.0,AAPL,3675307114496,38.773376,0.41,6.31
2021-09-10 00:00:00-04:00,152.11241016755477,152.58346376101343,145.92977372713005,146.1947479248047,140893200,0.0,0.0,AAPL,3675307114496,38.773376,0.41,6.31
2021-09-13 00:00:00-04:00,147.82384373270557,148.5991198416723,145.97886239429423,146.7639617919922,102404300,0.0,0.0,AAPL,3675307114496,38.773376,0.41,6.31
2021-09-14 00:00:00-04:00,147.5490317533872,148.25561957289722,144.17311549895538,145.36056518554688,109296300,0.0,0.0,AAPL,3675307114496,38.773376,0.41,6.31
2021-09-15 00:00:00-04:00,145.79241672061602,146.65602765693535,143.64321266970225,146.253662109375,83281300,0.0,0.0,AAPL,3675307114496,38.773376,0.41,6.31
2021-09-16 00:00:00-04:00,145.674611041655,146.19473610738382,144.4773380668959,146.01808166503906,68034100,0.0,0.0,AAPL,3675307114496,38.773376,0.41,6.31
2021-09-17 00:00:00-04:00,146.04755063760766,146.04755063760766,143.04454462427765,143.33895874023438,129868800,0.0,0.0,AAPL,3675307114496,38.773376,0.41,6.31
2021-09-20 00:00:00-04:00,141.12104812479518,142.14166661900333,138.63818253431032,140.27706909179688,123478900,0.0,0.0,AAPL,3675307114496,38.773376,0.41,6.31
2021-09-21 00:00:00-04:00,141.24863503100102,141.90616637912737,140.1200650564419,140.75794982910156,75834000,0.0,0.0,AAPL,3675307114496,38.773376,0.41,6.31
2021-09-22 00:00:00-04:00,141.7589460412651,143.7020551685205,141.02291826849162,143.13287353515625,76404300,0.0,0.0,AAPL,3675307114496,38.773376,0.41,6.31
2021-09-23 00:00:00-04:00,143.9179652896226,144.33996235458966,142.92678656185444,144.09461975097656,64838200,0.0,0.0,AAPL,3675307114496,38.773376,0.41,6.31
2021-09-24 00:00:00-04:00,142.94640117881744,144.7226790220036,142.8482581592234,144.18292236328125,53477900,0.0,0.0,AAPL,3675307114496,38.773376,0.41,6.31
2021-09-27 00:00:00-04:00,142.75996249414771,143.24083941199348,141.14070721951342,142.6618194580078,74150700,0.0,0.0,AAPL,3675307114496,38.773376,0.41,6.31
2021-09-28 00:00:00-04:00,140.58129850560428,142.05335398733837,139.0503632005245,139.26626586914062,108972300,0.0,0.0,AAPL,3675307114496,38.773376,0.41,6.31
2021-09-29 00:00:00-04:00,139.81584971450067,141.7589590196526,139.38404431901697,140.1691436767578,74602000,0.0,0.0,AAPL,3675307114496,38.773376,0.41,6.31
2021-09-01 00:00:00-04:00,130.54351639899951,132.2494885556485,130.45179189786597,131.928466796875,6214200,0.0,0.0,PG,384816611328,26.090843,2.47,6.29
2021-09-02 00:00:00-04:00,132.04772087029795,132.74477957454695,131.69001766749713,132.0293731689453,5392500,0.0,0.0,PG,384816611328,26.090843,2.47,6.29
2021-09-03 00:00:00-04:00,131.85508584341503,132.41457169424828,131.6349694399354,132.12107849121094,5466400,0.0,0.0,PG,384816611328,26.090843,2.47,6.29
2021-09-07 00:00:00-04:00,132.36875902163794,132.5338463686239,131.4240412203839,131.62582397460938,6520600,0.0,0.0,PG,384816611328,26.090843,2.47,6.29
2021-09-08 00:00:00-04:00,131.23141796724087,132.93739025122633,131.16720801261584,132.62554931640625,6897800,0.0,0.0,PG,384816611328,26.090843,2.47,6.29
2021-09-09 00:00:00-04:00,132.59802662204572,132.8823529860543,131.75420038698317,132.06605529785156,6354700,0.0,0.0,PG,384816611328,26.090843,2.47,6.29
2021-09-10 00:00:00-04:00,132.13026331005972,132.49714735773725,131.45155231344822,132.19447326660156,5750000,0.0,0.0,PG,384816611328,26.090843,2.47,6.29
2021-09-13 00:00:00-04:00,132.85486464490296,135.03776548047452,132.85486464490296,133.61611938476562,9952500,0.0,0.0,PG,384816611328,26.090843,2.47,6.29
2021-09-14 00:00:00-04:00,134.0288538987692,134.23980348293156,132.9465634329012,133.38681030273438,5831800,0.0,0.0,PG,384816611328,26.090843,2.47,6.29
2021-09-15 00:00:00-04:00,133.31342631440774,133.69864401373138,132.75394046642,133.1024627685547,6237100,0.0,0.0,PG,384816611328,26.090843,2.47,6.29
2021-09-16 00:00:00-04:00,132.84569171546806,133.16671356096506,130.9929794497699,132.1761474609375,6142100,0.0,0.0,PG,384816611328,26.090843,2.47,6.29
2021-09-17 00:00:00-04:00,132.41458425519346,134.16641877343125,132.28617834258515,132.38706970214844,18737400,0.0,0.0,PG,384816611328,26.090843,2.47,6.29
2021-09-20 00:00:00-04:00,132.27702269453331,132.85485634781367,130.21334707018465,131.05715942382812,10238700,0.0,0.0,PG,384816611328,26.090843,2.47,6.29
2021-09-21 00:00:00-04:00,131.13971782568942,132.5613639923589,131.0480072958641,131.2589569091797,6651300,0.0,0.0,PG,384816611328,26.090843,2.47,6.29
2021-09-22 00:00:00-04:00,131.91018733032135,132.3962965967761,131.02967934106007,131.70840454101562,6332500,0.0,0.0,PG,384816611328,26.090843,2.47,6.29
2021-09-23 00:00:00-04:00,132.1302574003994,132.7080910026502,131.60746689923494,132.24949645996094,5171200,0.0,0.0,PG,384816611328,26.090843,2.47,6.29
2021-09-24 00:00:00-04:00,131.8918186778102,132.48798610004553,131.24060814388767,131.6625213623047,5009400,0.0,0.0,PG,384816611328,26.090843,2.47,6.29
2021-09-27 00:00:00-04:00,131.29561896635263,131.3139666676919,129.80061019429746,129.92901611328125,5749700,0.0,0.0,PG,384816611328,26.090843,2.47,6.29
2021-09-28 00:00:00-04:00,129.36952973532294,129.66302297976108,128.0029128917703,128.94761657714844,7015300,0.0,0.0,PG,384816611328,26.090843,2.47,6.29
2021-09-29 00:00:00-04:00,128.65408996911043,130.86450456539885,128.5715323323758,130.25917053222656,5460000,0.0,0.0,PG,384816611328,26.090843,2.47,6.29
2021-09-01 00:00:00-04:00,174.82000732421875,176.35000610351562,173.76199340820312,173.9499969482422,72598000,0.0,0.0,AMZN,2397199663104,40.904156,N/A,5.53
2021-09-02 00:00:00-04:00,174.73800659179688,175.59800720214844,172.75,173.156005859375,58474000,0.0,0.0,AMZN,2397199663104,40.904156,N/A,5.53
2021-09-03 00:00:00-04:00,172.60000610351562,174.1334991455078,171.82200622558594,173.90249633789062,51514000,0.0,0.0,AMZN,2397199663104,40.904156,N/A,5.53
2021-09-07 00:00:00-04:00,173.89999389648438,176.4044952392578,173.8470001220703,175.46449279785156,54758000,0.0,0.0,AMZN,2397199663104,40.904156,N/A,5.53
2021-09-08 00:00:00-04:00,175.58250427246094,177.281494140625,174.7834930419922,176.27499389648438,61068000,0.0,0.0,AMZN,2397199663104,40.904156,N/A,5.53
2021-09-09 00:00:00-04:00,176.30099487304688,177.49949645996094,174.01849365234375,174.20799255371094,54384000,0.0,0.0,AMZN,2397199663104,40.904156,N/A,5.53
2021-09-10 00:00:00-04:00,175.0915069580078,175.42250061035156,173.14549255371094,173.45750427246094,47946000,0.0,0.0,AMZN,2397199663104,40.904156,N/A,5.53
2021-09-13 00:00:00-04:00,174.13999938964844,174.8979949951172,171.89999389648438,172.85850524902344,51380000,0.0,0.0,AMZN,2397199663104,40.904156,N/A,5.53
2021-09-14 00:00:00-04:00,173.77749633789062,174.3404998779297,171.885498046875,172.5,38738000,0.0,0.0,AMZN,2397199663104,40.904156,N/A,5.53
2021-09-15 00:00:00-04:00,172.12600708007812,174.27099609375,170.10049438476562,173.7895050048828,59150000,0.0,0.0,AMZN,2397199663104,40.904156,N/A,5.53
2021-09-16 00:00:00-04:00,172.9980010986328,174.62750244140625,172.3070068359375,174.41200256347656,51672000,0.0,0.0,AMZN,2397199663104,40.904156,N/A,5.53
2021-09-17 00:00:00-04:00,174.42050170898438,174.87049865722656,172.60650634765625,173.12600708007812,92332000,0.0,0.0,AMZN,2397199663104,40.904156,N/A,5.53
2021-09-20 00:00:00-04:00,169.8000030517578,170.9499969482422,165.25050354003906,167.7864990234375,93382000,0.0,0.0,AMZN,2397199663104,40.904156,N/A,5.53
2021-09-21 00:00:00-04:00,168.75,168.98500061035156,166.6195068359375,167.18150329589844,55618000,0.0,0.0,AMZN,2397199663104,40.904156,N/A,5.53
2021-09-22 00:00:00-04:00,167.5500030517578,169.4499969482422,167.05250549316406,169.00250244140625,48228000,0.0,0.0,AMZN,2397199663104,40.904156,N/A,5.53
2021-09-23 00:00:00-04:00,169.00250244140625,171.447998046875,169.00250244140625,170.8000030517578,47588000,0.0,0.0,AMZN,2397199663104,40.904156,N/A,5.53
2021-09-24 00:00:00-04:00,170.10049438476562,171.46299743652344,169.6699981689453,171.2760009765625,42324000,0.0,0.0,AMZN,2397199663104,40.904156,N/A,5.53
2021-09-27 00:00:00-04:00,168.5749969482422,170.77850341796875,166.98049926757812,170.2899932861328,72690000,0.0,0.0,AMZN,2397199663104,40.904156,N/A,5.53
2021-09-28 00:00:00-04:00,167.885498046875,168.45950317382812,164.5050048828125,165.79800415039062,88616000,0.0,0.0,AMZN,2397199663104,40.904156,N/A,5.53
2021-09-29 00:00:00-04:00,166.10549926757812,167.56500244140625,164.89349365234375,165.05599975585938,51246000,0.0,0.0,AMZN,2397199663104,40.904156,N/A,5.53
2021-09-01 00:00:00-04:00,294.6745252651419,296.9317546635552,293.331862438641,293.66265869140625,18983800,0.0,0.0,MSFT,3041650016256,32.943237,0.81,12.42
2021-09-02 00:00:00-04:00,294.02270422740054,295.1512893597949,292.057344925021,293.0010986328125,16285600,0.0,0.0,MSFT,3041650016256,32.943237,0.81,12.42
2021-09-03 00:00:00-04:00,292.8453681711195,294.4118179045232,292.1351405686588,292.9913330078125,14747900,0.0,0.0,MSFT,3041650016256,32.943237,0.81,12.42
2021-09-07 00:00:00-04:00,292.8648081603791,292.94263033034684,290.13084792905835,292.0572509765625,17180400,0.0,0.0,MSFT,3041650016256,32.943237,0.81,12.42
2021-09-08 00:00:00-04:00,291.66809901400006,292.4756265566167,289.42060885659953,292.0864562988281,15046800,0.0,0.0,MSFT,3041650016256,32.943237,0.81,12.42
2021-09-09 00:00:00-04:00,292.6799783157929,293.9642669456135,288.9633383530343,289.2065734863281,19927000,0.0,0.0,MSFT,3041650016256,32.943237,0.81,12.42
2021-09-10 00:00:00-04:00,290.34494231543204,291.8043531923054,287.38719462460057,287.708251953125,19633400,0.0,0.0,MSFT,3041650016256,32.943237,0.81,12.42
2021-09-13 00:00:00-04:00,289.49839648032906,290.46162764124614,286.1222921940224,288.95355224609375,23652900,0.0,0.0,MSFT,3041650016256,32.943237,0.81,12.42
2021-09-14 00:00:00-04:00,291.45406942927184,293.234567267124,290.03358453682137,291.6778564453125,21853400,0.0,0.0,MSFT,3041650016256,32.943237,0.81,12.42
2021-09-15 00:00:00-04:00,295.05405302131106,297.0583088061303,293.6530158155619,296.57183837890625,28356300,0.0,0.0,MSFT,3041650016256,32.943237,0.81,12.42
2021-09-16 00:00:00-04:00,295.5404221355816,297.04846806628996,292.621600572826,296.9609069824219,19550800,0.0,0.0,MSFT,3041650016256,32.943237,0.81,12.42
2021-09-17 00:00:00-04:00,295.9393384251087,296.26039574034155,291.4248800474828,291.75567626953125,41372500,0.0,0.0,MSFT,3041650016256,32.943237,0.81,12.42
2021-09-20 00:00:00-04:00,288.31143268701317,290.6367746323378,281.68571054723094,286.33636474609375,38278700,0.0,0.0,MSFT,3041650016256,32.943237,0.81,12.42
2021-09-21 00:00:00-04:00,287.68880735952234,289.48875340143735,286.11264834385094,286.8228759765625,22364100,0.0,0.0,MSFT,3041650016256,32.943237,0.81,12.42
2021-09-22 00:00:00-04:00,288.70069387685174,292.09624729235685,286.54076441540616,290.5006103515625,26626300,0.0,0.0,MSFT,3041650016256,32.943237,0.81,12.42
2021-09-23 00:00:00-04:00,290.763291562761,292.7578078290268,289.47900290076296,291.4540710449219,18604600,0.0,0.0,MSFT,3041650016256,32.943237,0.81,12.42
2021-09-24 00:00:00-04:00,290.16000640118705,291.6875001593033,288.89516615233885,291.24969482421875,14999000,0.0,0.0,MSFT,3041650016256,32.943237,0.81,12.42
2021-09-27 00:00:00-04:00,288.12665518466116,288.4477125312532,285.01323326207313,286.2099609375,23571700,0.0,0.0,MSFT,3041650016256,32.943237,0.81,12.42
2021-09-28 00:00:00-04:00,281.95814872871944,282.9116411202936,275.0989299902921,275.84808349609375,43186200,0.0,0.0,MSFT,3041650016256,32.943237,0.81,12.42
2021-09-29 00:00:00-04:00,277.38539572305075,279.01019004247365,275.35195325081514,276.3151550292969,26353700,0.0,0.0,MSFT,3041650016256,32.943237,0.81,12.42
2021-09-01 00:00:00-04:00,37.4900016784668,39.93000030517578,37.20000076293945,39.08000183105469,56911500,0.0,0.0,NIO,9369678848,N/A,N/A,-1.49
2021-09-02 00:00:00-04:00,39.06999969482422,41.02000045776367,38.900001525878906,40.349998474121094,43827700,0.0,0.0,NIO,9369678848,N/A,N/A,-1.49
2021-09-03 00:00:00-04:00,40.11000061035156,40.970001220703125,39.83000183105469,40.369998931884766,30353900,0.0,0.0,NIO,9369678848,N/A,N/A,-1.49
2021-09-07 00:00:00-04:00,40.849998474121094,41.86000061035156,40.59000015258789,40.59000015258789,35292600,0.0,0.0,NIO,9369678848,N/A,N/A,-1.49
2021-09-08 00:00:00-04:00,39.16999816894531,39.43000030517578,37.810001373291016,38.13999938964844,51800000,0.0,0.0,NIO,9369678848,N/A,N/A,-1.49
2021-09-09 00:00:00-04:00,37.97999954223633,38.849998474121094,37.54999923706055,38.45000076293945,33812000,0.0,0.0,NIO,9369678848,N/A,N/A,-1.49
2021-09-10 00:00:00-04:00,38.619998931884766,39.52000045776367,37.900001525878906,37.97999954223633,29273600,0.0,0.0,NIO,9369678848,N/A,N/A,-1.49
2021-09-13 00:00:00-04:00,38.0099983215332,38.38999938964844,36.560001373291016,38.38999938964844,38410000,0.0,0.0,NIO,9369678848,N/A,N/A,-1.49
2021-09-14 00:00:00-04:00,38.4900016784668,39.400001525878906,37.689998626708984,37.88999938964844,30857200,0.0,0.0,NIO,9369678848,N/A,N/A,-1.49
2021-09-15 00:00:00-04:00,38.0,38.150001525878906,36.95000076293945,38.029998779296875,27049400,0.0,0.0,NIO,9369678848,N/A,N/A,-1.49
2021-09-16 00:00:00-04:00,37.540000915527344,37.66999816894531,36.7400016784668,37.09000015258789,33023100,0.0,0.0,NIO,9369678848,N/A,N/A,-1.49
2021-09-17 00:00:00-04:00,37.29999923706055,37.56999969482422,36.970001220703125,37.5099983215332,29557200,0.0,0.0,NIO,9369678848,N/A,N/A,-1.49
2021-09-20 00:00:00-04:00,36.11000061035156,36.31999969482422,34.540000915527344,35.16999816894531,57611700,0.0,0.0,NIO,9369678848,N/A,N/A,-1.49
2021-09-21 00:00:00-04:00,35.52000045776367,35.81999969482422,34.880001068115234,34.900001525878906,31706600,0.0,0.0,NIO,9369678848,N/A,N/A,-1.49
2021-09-22 00:00:00-04:00,35.209999084472656,35.83000183105469,35.119998931884766,35.70000076293945,26608000,0.0,0.0,NIO,9369678848,N/A,N/A,-1.49
2021-09-23 00:00:00-04:00,36.20000076293945,36.5,35.56999969482422,36.0099983215332,27152700,0.0,0.0,NIO,9369678848,N/A,N/A,-1.49
2021-09-24 00:00:00-04:00,35.59000015258789,36.06999969482422,35.20000076293945,35.380001068115234,23755100,0.0,0.0,NIO,9369678848,N/A,N/A,-1.49
2021-09-27 00:00:00-04:00,35.43000030517578,36.86000061035156,34.41999816894531,36.77000045776367,36093000,0.0,0.0,NIO,9369678848,N/A,N/A,-1.49
2021-09-28 00:00:00-04:00,36.279998779296875,37.029998779296875,34.93000030517578,35.04999923706055,37507900,0.0,0.0,NIO,9369678848,N/A,N/A,-1.49
2021-09-29 00:00:00-04:00,35.439998626708984,36.36000061035156,35.02000045776367,35.130001068115234,33553400,0.0,0.0,NIO,9369678848,N/A,N/A,-1.49
2021-09-01 00:00:00-04:00,378.145530516897,382.86748351648856,377.3684998916294,380.5961608886719,11567200,0.0,0.0,META,1821372055552,30.116043,0.29,23.87
2021-09-02 00:00:00-04:00,380.0482296543719,380.29727829765784,372.63653959806607,373.8518981933594,14832900,0.0,0.0,META,1821372055552,30.116043,0.29,23.87
2021-09-03 00:00:00-04:00,373.32389208119724,375.7247244949894,371.6901184944731,374.8281555175781,7509600,0.0,0.0,META,1821372055552,30.116043,0.29,23.87
2021-09-07 00:00:00-04:00,374.44963311959026,381.5026775487639,371.7300109024901,380.72564697265625,10793800,0.0,0.0,META,1821372055552,30.116043,0.29,23.87
2021-09-08 00:00:00-04:00,378.7133496410574,379.4206393074584,373.3637894064311,376.1332092285156,11067200,0.0,0.0,META,1821372055552,30.116043,0.29,23.87
2021-09-09 00:00:00-04:00,376.2029689849014,378.3846073383071,375.13703339388246,376.56158447265625,9098900,0.0,0.0,META,1821372055552,30.116043,0.29,23.87
2021-09-10 00:00:00-04:00,379.9087236836783,382.32949944771093,376.82054502429855,377.2489013671875,11549600,0.0,0.0,META,1821372055552,30.116043,0.29,23.87
2021-09-13 00:00:00-04:00,380.22754906686475,380.2972899854752,372.9254559979386,375.0772399902344,13026300,0.0,0.0,META,1821372055552,30.116043,0.29,23.87
2021-09-14 00:00:00-04:00,375.9638524445199,377.1493265026148,373.6825581980874,375.09716796875,8711600,0.0,0.0,META,1821372055552,30.116043,0.29,23.87
2021-09-15 00:00:00-04:00,375.5653668430345,376.12323339084475,366.27088453626124,372.4971008300781,17940300,0.0,0.0,META,1821372055552,30.116043,0.29,23.87
2021-09-16 00:00:00-04:00,371.3713887477206,372.1384476354948,368.3030923937314,371.6403503417969,11934200,0.0,0.0,META,1821372055552,30.116043,0.29,23.87
2021-09-17 00:00:00-04:00,369.9966365281194,369.9966365281194,360.2139983524716,363.33209228515625,26299000,0.0,0.0,META,1821372055552,30.116043,0.29,23.87
2021-09-20 00:00:00-04:00,357.9327118278841,359.6561394506684,348.46886301661107,354.346435546875,19822800,0.0,0.0,META,1821372055552,30.116043,0.29,23.87
2021-09-21 00:00:00-04:00,357.1357975841532,358.6699459243961,353.83839558111276,356.11968994140625,11751900,0.0,0.0,META,1821372055552,30.116043,0.29,23.87
2021-09-22 00:00:00-04:00,345.9086214268068,348.5086744358731,339.39350099275384,341.9039001464844,43692900,0.0,0.0,META,1821372055552,30.116043,0.29,23.87
2021-09-23 00:00:00-04:00,344.0457707802318,348.3393977041544,341.6947659917591,344.64349365234375,21806300,0.0,0.0,META,1821372055552,30.116043,0.29,23.87
2021-09-24 00:00:00-04:00,341.93380900752913,353.00154631190134,341.06712460972705,351.6168212890625,18801900,0.0,0.0,META,1821372055552,30.116043,0.29,23.87
2021-09-27 00:00:00-04:00,348.47882392710466,353.7984993411599,345.7592017766133,352.2344665527344,15205800,0.0,0.0,META,1821372055552,30.116043,0.29,23.87
2021-09-28 00:00:00-04:00,346.6458196331948,348.2696216179247,337.6302710940714,339.3536682128906,21710300,0.0,0.0,META,1821372055552,30.116043,0.29,23.87
2021-09-29 00:00:00-04:00,341.8441642811484,343.91626603377915,337.5904243661517,338.317626953125,14452200,0.0,0.0,META,1821372055552,30.116043,0.29,23.87
2021-09-01 00:00:00-04:00,111.30000305175781,111.8499984741211,109.8499984741211,109.98999786376953,38579600,0.0,0.0,AMD,184934039552,114.123,N/A,1.0
2021-09-02 00:00:00-04:00,110.31999969482422,110.87999725341797,108.7699966430664,109.19999694824219,40090500,0.0,0.0,AMD,184934039552,114.123,N/A,1.0
2021-09-03 00:00:00-04:00,108.8499984741211,111.16999816894531,108.5,109.91999816894531,42605800,0.0,0.0,AMD,184934039552,114.123,N/A,1.0
2021-09-07 00:00:00-04:00,109.95999908447266,110.58000183105469,108.66000366210938,109.1500015258789,28815200,0.0,0.0,AMD,184934039552,114.123,N/A,1.0
2021-09-08 00:00:00-04:00,108.87999725341797,109.30000305175781,105.5199966430664,106.16999816894531,43067900,0.0,0.0,AMD,184934039552,114.123,N/A,1.0
2021-09-09 00:00:00-04:00,106.55999755859375,107.30000305175781,105.83999633789062,106.1500015258789,31857900,0.0,0.0,AMD,184934039552,114.123,N/A,1.0
2021-09-10 00:00:00-04:00,106.98999786376953,106.98999786376953,104.9800033569336,105.19999694824219,32602300,0.0,0.0,AMD,184934039552,114.123,N/A,1.0
2021-09-13 00:00:00-04:00,105.26000213623047,105.27999877929688,102.62999725341797,104.80000305175781,37767800,0.0,0.0,AMD,184934039552,114.123,N/A,1.0
2021-09-14 00:00:00-04:00,105.5199966430664,106.81999969482422,104.41999816894531,105.7300033569336,40629500,0.0,0.0,AMD,184934039552,114.123,N/A,1.0
2021-09-15 00:00:00-04:00,106.0,106.31999969482422,104.02999877929688,105.5999984741211,37998900,0.0,0.0,AMD,184934039552,114.123,N/A,1.0
2021-09-16 00:00:00-04:00,104.91999816894531,106.75,103.76000213623047,106.22000122070312,38150300,0.0,0.0,AMD,184934039552,114.123,N/A,1.0
2021-09-17 00:00:00-04:00,105.55999755859375,105.9800033569336,103.70999908447266,103.87999725341797,44528300,0.0,0.0,AMD,184934039552,114.123,N/A,1.0
2021-09-20 00:00:00-04:00,101.58000183105469,102.51000213623047,99.51000213623047,101.55000305175781,45228400,0.0,0.0,AMD,184934039552,114.123,N/A,1.0
2021-09-21 00:00:00-04:00,102.1500015258789,103.43000030517578,101.18000030517578,102.81999969482422,35481500,0.0,0.0,AMD,184934039552,114.123,N/A,1.0
2021-09-22 00:00:00-04:00,102.81999969482422,104.55999755859375,102.20999908447266,104.37999725341797,34126300,0.0,0.0,AMD,184934039552,114.123,N/A,1.0
2021-09-23 00:00:00-04:00,104.88999938964844,106.86000061035156,103.88999938964844,106.1500015258789,32816700,0.0,0.0,AMD,184934039552,114.123,N/A,1.0
2021-09-24 00:00:00-04:00,105.19000244140625,106.05000305175781,104.68000030517578,105.80000305175781,26482600,0.0,0.0,AMD,184934039552,114.123,N/A,1.0
2021-09-27 00:00:00-04:00,105.06999969482422,108.44000244140625,103.44000244140625,108.16000366210938,51944300,0.0,0.0,AMD,184934039552,114.123,N/A,1.0
2021-09-28 00:00:00-04:00,106.83999633789062,107.6500015258789,101.41999816894531,101.5199966430664,74469000,0.0,0.0,AMD,184934039552,114.123,N/A,1.0
2021-09-29 00:00:00-04:00,102.30000305175781,102.66000366210938,99.80999755859375,100.3499984741211,52224700,0.0,0.0,AMD,184934039552,114.123,N/A,1.0
2021-09-01 00:00:00-04:00,569.0,591.0,569.0,582.0700073242188,5626200,0.0,0.0,NFLX,445295034368,52.57576,N/A,19.8
2021-09-02 00:00:00-04:00,583.6799926757812,598.760009765625,583.6799926757812,588.5499877929688,6179900,0.0,0.0,NFLX,445295034368,52.57576,N/A,19.8
2021-09-03 00:00:00-04:00,585.7999877929688,591.8800048828125,583.1400146484375,590.530029296875,2681200,0.0,0.0,NFLX,445295034368,52.57576,N/A,19.8
2021-09-07 00:00:00-04:00,594.6900024414062,613.8499755859375,593.989990234375,606.7100219726562,5821400,0.0,0.0,NFLX,445295034368,52.57576,N/A,19.8
2021-09-08 00:00:00-04:00,603.8400268554688,615.5999755859375,595.7100219726562,606.0499877929688,5424500,0.0,0.0,NFLX,445295034368,52.57576,N/A,19.8
2021-09-09 00:00:00-04:00,606.469970703125,609.4400024414062,596.5499877929688,597.5399780273438,2954200,0.0,0.0,NFLX,445295034368,52.57576,N/A,19.8
2021-09-10 00:00:00-04:00,598.1599731445312,609.4500122070312,593.6699829101562,598.719970703125,3950800,0.0,0.0,NFLX,445295034368,52.57576,N/A,19.8
2021-09-13 00:00:00-04:00,598.5700073242188,598.5700073242188,582.780029296875,589.2899780273438,3062900,0.0,0.0,NFLX,445295034368,52.57576,N/A,19.8
2021-09-14 00:00:00-04:00,584.8900146484375,587.280029296875,575.5599975585938,577.760009765625,3457000,0.0,0.0,NFLX,445295034368,52.57576,N/A,19.8
2021-09-15 00:00:00-04:00,578.1699829101562,584.6199951171875,575.3699951171875,582.8699951171875,2755600,0.0,0.0,NFLX,445295034368,52.57576,N/A,19.8
2021-09-16 00:00:00-04:00,584.2999877929688,587.47998046875,577.719970703125,586.5,1832000,0.0,0.0,NFLX,445295034368,52.57576,N/A,19.8
2021-09-17 00:00:00-04:00,587.8499755859375,590.280029296875,580.8499755859375,589.3499755859375,4145100,0.0,0.0,NFLX,445295034368,52.57576,N/A,19.8
2021-09-20 00:00:00-04:00,586.7899780273438,591.530029296875,568.0800170898438,575.4299926757812,3732200,0.0,0.0,NFLX,445295034368,52.57576,N/A,19.8
2021-09-21 00:00:00-04:00,578.3099975585938,581.8800048828125,569.3699951171875,573.1400146484375,2250900,0.0,0.0,NFLX,445295034368,52.57576,N/A,19.8
2021-09-22 00:00:00-04:00,579.6900024414062,595.6500244140625,579.6900024414062,590.6500244140625,4021800,0.0,0.0,NFLX,445295034368,52.57576,N/A,19.8
2021-09-23 00:00:00-04:00,590.7899780273438,599.3200073242188,589.1300048828125,593.260009765625,2526200,0.0,0.0,NFLX,445295034368,52.57576,N/A,19.8
2021-09-24 00:00:00-04:00,592.5,592.97998046875,583.6400146484375,592.3900146484375,2126200,0.0,0.0,NFLX,445295034368,52.57576,N/A,19.8
2021-09-27 00:00:00-04:00,587.9500122070312,593.5800170898438,576.9299926757812,592.6400146484375,2504700,0.0,0.0,NFLX,445295034368,52.57576,N/A,19.8
2021-09-28 00:00:00-04:00,589.0,599.5399780273438,580.1599731445312,583.8499755859375,4431100,0.0,0.0,NFLX,445295034368,52.57576,N/A,19.8
2021-09-29 00:00:00-04:00,589.010009765625,609.8800048828125,588.010009765625,599.0599975585938,6221000,0.0,0.0,NFLX,445295034368,52.57576,N/A,19.8
2021-09-01 00:00:00-04:00,145.12852555410066,146.2948365345473,145.09316068197813,145.31983947753906,15824000,0.0,0.0,GOOG,2256300670976,23.133085,0.43,8.04
2021-09-02 00:00:00-04:00,145.42697104168548,145.80113021941264,143.59058216752385,143.70266723632812,21844000,0.0,0.0,GOOG,2256300670976,23.133085,0.43,8.04
2021-09-03 00:00:00-04:00,143.62992223632705,144.8565177875192,142.99122591262727,144.2566680908203,19104000,0.0,0.0,GOOG,2256300670976,23.133085,0.43,8.04
2021-09-07 00:00:00-04:00,144.23125538021918,145.30191702497368,144.02350575705034,144.9980010986328,15170000,0.0,0.0,GOOG,2256300670976,23.133085,0.43,8.04
2021-09-08 00:00:00-04:00,144.87294519841086,145.02988252168728,143.68372153877976,144.36477661132812,15486000,0.0,0.0,GOOG,2256300670976,23.133085,0.43,8.04
2021-09-09 00:00:00-04:00,144.3647772035128,145.14795861142335,143.9168931027532,144.39466857910156,14798000,0.0,0.0,GOOG,2256300670976,23.133085,0.43,8.04
2021-09-10 00:00:00-04:00,144.9227831417823,145.49622323605377,141.23404109512887,141.41290283203125,32896000,0.0,0.0,GOOG,2256300670976,23.133085,0.43,8.04
2021-09-13 00:00:00-04:00,142.68832306155585,143.67476898313856,141.77310863107388,142.9513702392578,20176000,0.0,0.0,GOOG,2256300670976,23.133085,0.43,8.04
2021-09-14 00:00:00-04:00,143.64486470594085,144.209334311309,142.3938665071128,142.892578125,18916000,0.0,0.0,GOOG,2256300670976,23.133085,0.43,8.04
2021-09-15 00:00:00-04:00,143.24431626368016,145.0602858700989,141.74669134885454,144.68612670898438,20648000,0.0,0.0,GOOG,2256300670976,23.133085,0.43,8.04
2021-09-16 00:00:00-04:00,144.60141916096242,144.68013108359614,142.90287151774288,143.85659790039062,20292000,0.0,0.0,GOOG,2256300670976,23.133085,0.43,8.04
2021-09-17 00:00:00-04:00,143.28366293400208,143.73305227100397,140.55646246857253,140.95703125,60040000,0.0,0.0,GOOG,2256300670976,23.133085,0.43,8.04
2021-09-20 00:00:00-04:00,138.50253207307497,138.8635395909865,136.5622991141915,138.51927185058594,34918000,0.0,0.0,GOOG,2256300670976,23.133085,0.43,8.04
2021-09-21 00:00:00-04:00,139.6153350768959,140.30744351245056,138.40817061526863,139.14651489257812,18130000,0.0,0.0,GOOG,2256300670976,23.133085,0.43,8.04
2021-09-22 00:00:00-04:00,139.54909294621072,141.0765939863687,138.9724143987205,140.4339141845703,22068000,0.0,0.0,GOOG,2256300670976,23.133085,0.43,8.04
2021-09-23 00:00:00-04:00,141.10250728684042,141.74316496006838,140.59134344095855,141.31874084472656,17272000,0.0,0.0,GOOG,2256300670976,23.133085,0.43,8.04
2021-09-24 00:00:00-04:00,140.44137316965234,142.39186903102166,140.34621034258248,142.12232971191406,14950000,0.0,0.0,GOOG,2256300670976,23.133085,0.43,8.04
2021-09-27 00:00:00-04:00,141.07858545274465,141.98981631352436,139.99697678631702,140.99440002441406,18844000,0.0,0.0,GOOG,2256300670976,23.133085,0.43,8.04
2021-09-28 00:00:00-04:00,138.59052267188702,139.1066734293017,135.21415049831788,135.69642639160156,42190000,0.0,0.0,GOOG,2256300670976,23.133085,0.43,8.04
2021-09-29 00:00:00-04:00,136.61879864062814,136.90656773325637,133.76934183517906,134.03936767578125,26338000,0.0,0.0,GOOG,2256300670976,23.133085,0.43,8.04
2021-09-01 00:00:00-04:00,290.1000061035156,290.8999938964844,286.3599853515625,286.75,5568300,0.0,0.0,PYPL,77388406784,19.606518,N/A,3.99
2021-09-02 00:00:00-04:00,288.8999938964844,288.8999938964844,285.25,285.5299987792969,4645500,0.0,0.0,PYPL,77388406784,19.606518,N/A,3.99
2021-09-03 00:00:00-04:00,285.0299987792969,290.3800048828125,284.3999938964844,289.1300048828125,5285700,0.0,0.0,PYPL,77388406784,19.606518,N/A,3.99
2021-09-07 00:00:00-04:00,290.4100036621094,293.67999267578125,288.0400085449219,293.260009765625,6787500,0.0,0.0,PYPL,77388406784,19.606518,N/A,3.99
2021-09-08 00:00:00-04:00,296.54998779296875,296.70001220703125,283.3299865722656,285.2300109863281,11039300,0.0,0.0,PYPL,77388406784,19.606518,N/A,3.99
2021-09-09 00:00:00-04:00,287.45001220703125,289.3699951171875,285.0799865722656,286.8800048828125,4170000,0.0,0.0,PYPL,77388406784,19.606518,N/A,3.99
2021-09-10 00:00:00-04:00,288.6000061035156,289.0,284.1099853515625,284.32000732421875,3816600,0.0,0.0,PYPL,77388406784,19.606518,N/A,3.99
2021-09-13 00:00:00-04:00,286.7200012207031,287.19000244140625,277.79998779296875,280.489990234375,4836500,0.0,0.0,PYPL,77388406784,19.606518,N/A,3.99
2021-09-14 00:00:00-04:00,281.843994140625,283.1700134277344,279.7099914550781,282.239990234375,4216700,0.0,0.0,PYPL,77388406784,19.606518,N/A,3.99
2021-09-15 00:00:00-04:00,284.2099914550781,285.75,279.5,282.42999267578125,4056800,0.0,0.0,PYPL,77388406784,19.606518,N/A,3.99
2021-09-16 00:00:00-04:00,281.0400085449219,283.69000244140625,280.3900146484375,282.9700012207031,3606700,0.0,0.0,PYPL,77388406784,19.606518,N/A,3.99
2021-09-17 00:00:00-04:00,282.17999267578125,282.5,275.9200134277344,276.3399963378906,8117200,0.0,0.0,PYPL,77388406784,19.606518,N/A,3.99
2021-09-20 00:00:00-04:00,271.54998779296875,273.0,265.67999267578125,269.9100036621094,7728300,0.0,0.0,PYPL,77388406784,19.606518,N/A,3.99
2021-09-21 00:00:00-04:00,271.75,272.29901123046875,267.79998779296875,269.489990234375,4326100,0.0,0.0,PYPL,77388406784,19.606518,N/A,3.99
2021-09-22 00:00:00-04:00,270.4599914550781,273.4700012207031,266.5,272.3399963378906,5574100,0.0,0.0,PYPL,77388406784,19.606518,N/A,3.99
2021-09-23 00:00:00-04:00,274.45001220703125,279.95001220703125,273.7799987792969,279.1000061035156,5409600,0.0,0.0,PYPL,77388406784,19.606518,N/A,3.99
2021-09-24 00:00:00-04:00,276.0199890136719,278.3299865722656,274.69000244140625,278.1099853515625,3985800,0.0,0.0,PYPL,77388406784,19.606518,N/A,3.99
2021-09-27 00:00:00-04:00,274.7799987792969,276.7799987792969,272.1860046386719,273.3900146484375,4614900,0.0,0.0,PYPL,77388406784,19.606518,N/A,3.99
2021-09-28 00:00:00-04:00,269.8949890136719,271.44000244140625,261.67999267578125,262.19000244140625,8352400,0.0,0.0,PYPL,77388406784,19.606518,N/A,3.99
2021-09-29 00:00:00-04:00,263.510009765625,264.4599914550781,256.8900146484375,259.0,6829100,0.0,0.0,PYPL,77388406784,19.606518,N/A,3.99
2021-09-01 00:00:00-04:00,179.73957179303213,181.96211532794342,179.56176047249346,181.2410125732422,7302800,0.0,0.0,DIS,197482971136,35.467533,0.91,3.08
2021-09-02 00:00:00-04:00,181.9127138866128,183.0388019550108,179.334562904677,179.64077758789062,6492600,0.0,0.0,DIS,197482971136,35.467533,0.91,3.08
2021-09-03 00:00:00-04:00,179.60127588091368,179.60127588091368,176.944099271423,178.79127502441406,6847400,0.0,0.0,DIS,197482971136,35.467533,0.91,3.08
2021-09-07 00:00:00-04:00,178.81103657832816,183.28575626845395,177.8528721784693,182.09051513671875,10702900,0.0,0.0,DIS,197482971136,35.467533,0.91,3.08
2021-09-08 00:00:00-04:00,182.0905269615556,185.17246438573642,181.6756539582712,182.89064025878906,8634000,0.0,0.0,DIS,197482971136,35.467533,0.91,3.08
2021-09-09 00:00:00-04:00,182.8906371965007,185.2909921205986,182.3177281105497,183.64137268066406,7190700,0.0,0.0,DIS,197482971136,35.467533,0.91,3.08
2021-09-10 00:00:00-04:00,184.08587042020247,184.81684570931324,181.76454117765238,181.87319946289062,5572200,0.0,0.0,DIS,197482971136,35.467533,0.91,3.08
2021-09-13 00:00:00-04:00,182.86099301647124,183.53270287739625,181.26076654918327,182.7227020263672,6818200,0.0,0.0,DIS,197482971136,35.467533,0.91,3.08
2021-09-14 00:00:00-04:00,182.70295223083994,182.87087592359907,179.9272298102814,180.17417907714844,6185900,0.0,0.0,DIS,197482971136,35.467533,0.91,3.08
2021-09-15 00:00:00-04:00,179.8383387401833,182.4066172452959,178.8900619588961,182.15966796875,5933400,0.0,0.0,DIS,197482971136,35.467533,0.91,3.08
2021-09-16 00:00:00-04:00,181.72503918299793,182.38686145128207,179.89760846375341,181.10272216796875,5678200,0.0,0.0,DIS,197482971136,35.467533,0.91,3.08
2021-09-17 00:00:00-04:00,180.67797615709006,183.63147992101923,180.50016483644484,181.23114013671875,10035100,0.0,0.0,DIS,197482971136,35.467533,0.91,3.08
2021-09-20 00:00:00-04:00,177.54666604771754,178.67275420139913,174.39559071197488,176.43045043945312,8056600,0.0,0.0,DIS,197482971136,35.467533,0.91,3.08
2021-09-21 00:00:00-04:00,178.1195908357937,180.00627195315207,166.9673524769169,169.08123779296875,23216000,0.0,0.0,DIS,197482971136,35.467533,0.91,3.08
2021-09-22 00:00:00-04:00,170.82963258389555,173.20033959067337,169.56525350393568,171.5309600830078,14214500,0.0,0.0,DIS,197482971136,35.467533,0.91,3.08
2021-09-23 00:00:00-04:00,172.80524648817402,175.02779021272104,172.24219484311257,174.09925842285156,8052900,0.0,0.0,DIS,197482971136,35.467533,0.91,3.08
2021-09-24 00:00:00-04:00,173.16083994522606,174.54374989852394,172.94352337076668,173.852294921875,5712800,0.0,0.0,DIS,197482971136,35.467533,0.91,3.08
2021-09-27 00:00:00-04:00,174.47461767103326,177.26019783210288,173.81279538073449,176.084716796875,7755000,0.0,0.0,DIS,197482971136,35.467533,0.91,3.08
2021-09-28 00:00:00-04:00,175.58093068468787,175.82787995428657,171.7384006526353,172.39035034179688,9133100,0.0,0.0,DIS,197482971136,35.467533,0.91,3.08
2021-09-29 00:00:00-04:00,172.1236483980038,172.82499098611225,170.48390155911537,170.5727996826172,6240800,0.0,0.0,DIS,197482971136,35.467533,0.91,3.08
2021-09-01 00:00:00-04:00,220.0,221.75999450683594,217.6199951171875,218.1199951171875,7157400,0.0,0.0,BA,140425101312,N/A,N/A,-18.37
2021-09-02 00:00:00-04:00,218.9499969482422,223.83999633789062,218.0800018310547,220.8300018310547,8899500,0.0,0.0,BA,140425101312,N/A,N/A,-18.37
2021-09-03 00:00:00-04:00,219.4499969482422,221.17999267578125,217.4600067138672,218.1699981689453,6393500,0.0,0.0,BA,140425101312,N/A,N/A,-18.37
2021-09-07 00:00:00-04:00,215.91000366210938,216.7100067138672,212.1699981689453,214.24000549316406,13196100,0.0,0.0,BA,140425101312,N/A,N/A,-18.37
2021-09-08 00:00:00-04:00,213.60000610351562,216.0800018310547,210.50999450683594,211.3800048828125,8877600,0.0,0.0,BA,140425101312,N/A,N/A,-18.37
2021-09-09 00:00:00-04:00,211.14999389648438,216.61000061035156,210.72000122070312,213.94000244140625,9242800,0.0,0.0,BA,140425101312,N/A,N/A,-18.37
2021-09-10 00:00:00-04:00,215.16000366210938,215.88999938964844,210.1199951171875,210.3000030517578,6959700,0.0,0.0,BA,140425101312,N/A,N/A,-18.37
2021-09-13 00:00:00-04:00,211.35000610351562,215.63999938964844,209.8800048828125,214.47999572753906,10175900,0.0,0.0,BA,140425101312,N/A,N/A,-18.37
2021-09-14 00:00:00-04:00,215.83999633789062,216.11000061035156,210.7100067138672,211.57000732421875,9947000,0.0,0.0,BA,140425101312,N/A,N/A,-18.37
2021-09-15 00:00:00-04:00,211.7899932861328,214.35000610351562,210.32000732421875,214.22000122070312,7916300,0.0,0.0,BA,140425101312,N/A,N/A,-18.37
2021-09-16 00:00:00-04:00,213.9600067138672,216.30999755859375,213.30999755859375,213.36000061035156,6370900,0.0,0.0,BA,140425101312,N/A,N/A,-18.37
2021-09-17 00:00:00-04:00,213.1199951171875,215.3699951171875,211.91000366210938,213.36000061035156,7932700,0.0,0.0,BA,140425101312,N/A,N/A,-18.37
2021-09-20 00:00:00-04:00,210.80999755859375,212.42999267578125,206.52999877929688,209.5,10567400,0.0,0.0,BA,140425101312,N/A,N/A,-18.37
2021-09-21 00:00:00-04:00,210.25,211.75999450683594,207.72000122070312,208.50999450683594,7139000,0.0,0.0,BA,140425101312,N/A,N/A,-18.37
2021-09-22 00:00:00-04:00,210.0,217.99000549316406,209.64999389648438,216.97999572753906,10953000,0.0,0.0,BA,140425101312,N/A,N/A,-18.37
2021-09-23 00:00:00-04:00,217.80999755859375,222.6199951171875,217.14999389648438,221.10000610351562,9344600,0.0,0.0,BA,140425101312,N/A,N/A,-18.37
2021-09-24 00:00:00-04:00,219.1300048828125,222.41000366210938,218.66000366210938,221.38999938964844,6498200,0.0,0.0,BA,140425101312,N/A,N/A,-18.37
2021-09-27 00:00:00-04:00,224.0,228.60000610351562,223.8800048828125,224.16000366210938,9749200,0.0,0.0,BA,140425101312,N/A,N/A,-18.37
2021-09-28 00:00:00-04:00,222.89999389648438,224.5800018310547,216.4199981689453,218.41000366210938,9639800,0.0,0.0,BA,140425101312,N/A,N/A,-18.37
2021-09-29 00:00:00-04:00,227.8000030517578,229.94000244140625,224.86000061035156,225.36000061035156,16808000,0.0,0.0,BA,140425101312,N/A,N/A,-18.37
2021-09-01 00:00:00-04:00,435.33234873102083,436.4792505372551,431.8629131610211,436.3263244628906,1325400,0.0,0.0,COST,469076934656,62.01408,0.43,17.04
2021-09-02 00:00:00-04:00,439.0981029247469,441.02874007138416,438.11366494471713,440.57952880859375,1455000,0.0,0.0,COST,469076934656,62.01408,0.43,17.04
2021-09-03 00:00:00-04:00,438.6965810415075,443.09311034517276,438.6965810415075,442.08953857421875,1302400,0.0,0.0,COST,469076934656,62.01408,0.43,17.04
2021-09-07 00:00:00-04:00,442.0418576864954,442.7109056787101,437.387281062656,439.2701416015625,1463400,0.0,0.0,COST,469076934656,62.01408,0.43,17.04
2021-09-08 00:00:00-04:00,438.8017565471812,445.224505852853,437.8173186390167,445.10028076171875,1372000,0.0,0.0,COST,469076934656,62.01408,0.43,17.04
2021-09-09 00:00:00-04:00,446.66771756106965,448.9902221416461,444.6606029539915,445.32965087890625,1398700,0.0,0.0,COST,469076934656,62.01408,0.43,17.04
2021-09-10 00:00:00-04:00,446.50529734576236,447.6808710751187,442.71090445974016,444.5841979980469,1324800,0.0,0.0,COST,469076934656,62.01408,0.43,17.04
2021-09-13 00:00:00-04:00,446.4000859847201,447.5278829159142,437.93201283901107,439.3274230957031,1679500,0.0,0.0,COST,469076934656,62.01408,0.43,17.04
2021-09-14 00:00:00-04:00,440.5604362682259,441.75514400388363,437.1865827894351,438.1327819824219,1383900,0.0,0.0,COST,469076934656,62.01408,0.43,17.04
2021-09-15 00:00:00-04:00,437.97025073773335,441.8028821534535,435.9631652508343,440.3501281738281,1770300,0.0,0.0,COST,469076934656,62.01408,0.43,17.04
2021-09-16 00:00:00-04:00,440.40745898912485,443.2556232325808,436.37412497563423,442.81597900390625,1577500,0.0,0.0,COST,469076934656,62.01408,0.43,17.04
2021-09-17 00:00:00-04:00,441.20070380772387,442.3476346944279,436.8041742989107,439.1840515136719,3411400,0.0,0.0,COST,469076934656,62.01408,0.43,17.04
2021-09-20 00:00:00-04:00,436.4315344298868,440.5604515073816,426.8643052181511,431.18438720703125,2602000,0.0,0.0,COST,469076934656,62.01408,0.43,17.04
2021-09-21 00:00:00-04:00,431.18435451405026,436.632204063428,430.24769318755307,432.1114196777344,1531300,0.0,0.0,COST,469076934656,62.01408,0.43,17.04
2021-09-22 00:00:00-04:00,434.58678401394025,435.2080260405915,429.94174638446054,432.32159423828125,1380800,0.0,0.0,COST,469076934656,62.01408,0.43,17.04
2021-09-23 00:00:00-04:00,432.293022280183,435.3992622985968,431.14612038936974,432.7518005371094,2061200,0.0,0.0,COST,469076934656,62.01408,0.43,17.04
2021-09-24 00:00:00-04:00,435.81027389299436,447.9867257103165,434.873612534866,447.05963134765625,3353800,0.0,0.0,COST,469076934656,62.01408,0.43,17.04
2021-09-27 00:00:00-04:00,444.9569163089036,449.6784033898228,437.0145019921606,440.1876525878906,2526000,0.0,0.0,COST,469076934656,62.01408,0.43,17.04
2021-09-28 00:00:00-04:00,436.918908532181,437.262970311619,425.9562707108858,427.56195068359375,2632700,0.0,0.0,COST,469076934656,62.01408,0.43,17.04
2021-09-29 00:00:00-04:00,429.97054954816025,435.8294012093145,429.04345513765287,431.8056335449219,1922000,0.0,0.0,COST,469076934656,62.01408,0.43,17.04
2021-09-01 00:00:00-04:00,49.83862645088125,49.88467881219305,49.304409221668514,49.43335723876953,18615000,0.0,0.0,INTC,112623296512,N/A,2.24,-4.38
2021-09-02 00:00:00-04:00,49.55307948608572,49.635975113933156,49.13860134684855,49.48860549926758,15869500,0.0,0.0,INTC,112623296512,N/A,2.24,-4.38
2021-09-03 00:00:00-04:00,49.221506225673615,49.810988308695386,49.110979872293655,49.285980224609375,13456200,0.0,0.0,INTC,112623296512,N/A,2.24,-4.38
2021-09-07 00:00:00-04:00,49.341245672242465,49.69124989409053,49.221506738584274,49.41493225097656,13915000,0.0,0.0,INTC,112623296512,N/A,2.24,-4.38
2021-09-08 00:00:00-04:00,49.48861720812654,49.663617568956234,48.80703389662597,49.34124755859375,18235100,0.0,0.0,INTC,112623296512,N/A,2.24,-4.38
2021-09-09 00:00:00-04:00,49.42414386070306,49.63598751511434,49.129404557733494,49.184669494628906,13495800,0.0,0.0,INTC,112623296512,N/A,2.24,-4.38
2021-09-10 00:00:00-04:00,49.599144368792366,50.63994451182806,49.56230459099075,49.589935302734375,20324700,0.0,0.0,INTC,112623296512,N/A,2.24,-4.38
2021-09-13 00:00:00-04:00,50.29915043897908,51.10968524243778,50.11493750452445,50.64915466308594,22639200,0.0,0.0,INTC,112623296512,N/A,2.24,-4.38
2021-09-14 00:00:00-04:00,50.99915577359874,51.06362977412809,49.98598989650644,50.21625518798828,22072700,0.0,0.0,INTC,112623296512,N/A,2.24,-4.38
2021-09-15 00:00:00-04:00,50.354397020088825,50.79650933791471,50.124131798273375,50.76887512207031,18796200,0.0,0.0,INTC,112623296512,N/A,2.24,-4.38
2021-09-16 00:00:00-04:00,50.52941980566586,50.61231545718048,49.9583628249928,50.50178909301758,19863100,0.0,0.0,INTC,112623296512,N/A,2.24,-4.38
2021-09-17 00:00:00-04:00,50.28073182495103,50.28073182495103,49.43335368081006,49.97677993774414,35359200,0.0,0.0,INTC,112623296512,N/A,2.24,-4.38
2021-09-20 00:00:00-04:00,49.00965703282971,49.27676557734666,48.18991327044303,48.797813415527344,35051900,0.0,0.0,INTC,112623296512,N/A,2.24,-4.38
2021-09-21 00:00:00-04:00,49.00045455573499,49.23071984639768,48.65966290935366,48.696502685546875,17968900,0.0,0.0,INTC,112623296512,N/A,2.24,-4.38
2021-09-22 00:00:00-04:00,49.184670643366886,49.617567028331074,48.816244749265294,49.27677536010742,18594100,0.0,0.0,INTC,112623296512,N/A,2.24,-4.38
2021-09-23 00:00:00-04:00,49.50703473824525,50.01361764680646,49.368874166106146,49.764930725097656,16474300,0.0,0.0,INTC,112623296512,N/A,2.24,-4.38
2021-09-24 00:00:00-04:00,49.53466842944935,50.12414701406935,49.4886160738202,49.939937591552734,12976200,0.0,0.0,INTC,112623296512,N/A,2.24,-4.38
2021-09-27 00:00:00-04:00,49.68203446862531,50.538621572702404,49.57150812042579,50.34519958496094,13899900,0.0,0.0,INTC,112623296512,N/A,2.24,-4.38
2021-09-28 00:00:00-04:00,49.903095984210566,50.28073093481362,49.70046139632662,49.7373046875,24691300,0.0,0.0,INTC,112623296512,N/A,2.24,-4.38
2021-09-29 00:00:00-04:00,49.73730251061843,49.78335486578473,48.98203264246867,49.26756286621094,20514300,0.0,0.0,INTC,112623296512,N/A,2.24,-4.38
2021-09-01 00:00:00-04:00,50.73258579507565,51.11051400962198,50.64260043499998,51.011531829833984,9518900,0.0,0.0,KO,295052673024,27.880081,2.82,2.46
2021-09-02 00:00:00-04:00,51.08351516723633,51.31747021557879,50.75957476753895,51.08351516723633,11653200,0.0,0.0,KO,295052673024,27.880081,2.82,2.46
2021-09-03 00:00:00-04:00,50.80457198353927,51.083521458207095,50.61560787130813,51.04752731323242,13220400,0.0,0.0,KO,295052673024,27.880081,2.82,2.46
2021-09-07 00:00:00-04:00,50.93053759909668,51.01152269236303,49.94971966179972,50.093692779541016,20035300,0.0,0.0,KO,295052673024,27.880081,2.82,2.46
2021-09-08 00:00:00-04:00,50.0397112630375,50.82256497411193,50.0397112630375,50.76857376098633,12040100,0.0,0.0,KO,295052673024,27.880081,2.82,2.46
2021-09-09 00:00:00-04:00,50.55261377106882,50.768571749835594,50.21067629999954,50.26466751098633,12545400,0.0,0.0,KO,295052673024,27.880081,2.82,2.46
2021-09-10 00:00:00-04:00,50.39963827756294,50.50762069501149,49.958722087046496,50.03970718383789,10573700,0.0,0.0,KO,295052673024,27.880081,2.82,2.46
2021-09-13 00:00:00-04:00,50.15668547909976,50.750575033568346,50.15668547909976,50.45362854003906,20274300,0.0,0.0,KO,295052673024,27.880081,2.82,2.46
2021-09-14 00:00:00-04:00,50.698410333949674,50.75280901677005,50.36296043613057,50.48988723754883,13918900,0.42,0.0,KO,295052673024,27.880081,2.82,2.46
2021-09-15 00:00:00-04:00,50.48082964154697,50.77094907386074,50.24510544123175,50.66215515136719,15746000,0.0,0.0,KO,295052673024,27.880081,2.82,2.46
2021-09-16 00:00:00-04:00,50.51710169963393,50.76189064947206,49.70113853350684,50.18164825439453,17430400,0.0,0.0,KO,295052673024,27.880081,2.82,2.46
2021-09-17 00:00:00-04:00,49.88245678021419,50.036581212140355,49.2931497509164,49.35661315917969,33370200,0.0,0.0,KO,295052673024,27.880081,2.82,2.46
2021-09-20 00:00:00-04:00,49.05742309669543,49.32034487549749,48.712905023040875,49.01209259033203,27542500,0.0,0.0,KO,295052673024,27.880081,2.82,2.46
2021-09-21 00:00:00-04:00,49.311281182822626,49.7011297982881,48.90329967146384,49.003028869628906,16418200,0.0,0.0,KO,295052673024,27.880081,2.82,2.46
2021-09-22 00:00:00-04:00,49.42008001891149,49.46541399240539,49.01210192543923,49.075565338134766,12719700,0.0,0.0,KO,295052673024,27.880081,2.82,2.46
2021-09-23 00:00:00-04:00,49.193427751276374,49.51981301783686,48.95770698014762,48.99397277832031,13836200,0.0,0.0,KO,295052673024,27.880081,2.82,2.46
2021-09-24 00:00:00-04:00,48.95769274874814,49.17528401603631,48.830765950536644,48.85796356201172,9682200,0.0,0.0,KO,295052673024,27.880081,2.82,2.46
2021-09-27 00:00:00-04:00,48.82170236170774,49.18435335509772,48.56784874143247,48.6041145324707,12429500,0.0,0.0,KO,295052673024,27.880081,2.82,2.46
2021-09-28 00:00:00-04:00,48.46813255102605,48.46813255102605,47.534310661439534,47.724700927734375,19926100,0.0,0.0,KO,295052673024,27.880081,2.82,2.46
2021-09-29 00:00:00-04:00,47.72468544504475,48.196130326613854,47.65215732553196,48.01480484008789,13941500,0.0,0.0,KO,295052673024,27.880081,2.82,2.46
2021-09-01 00:00:00-04:00,264.7910191885097,271.7422145744962,264.1148034635314,266.82965087890625,7189000,0.0,0.0,CRM,310804873216,53.504116,0.49,6.07
2021-09-02 00:00:00-04:00,267.5058986210999,267.764464219627,262.4541277177652,262.6828308105469,4498300,0.0,0.0,CRM,310804873216,53.504116,0.49,6.07
2021-09-03 00:00:00-04:00,262.1359058291699,265.92474170968455,260.34588526991763,265.5965576171875,7356700,0.0,0.0,CRM,310804873216,53.504116,0.49,6.07
2021-09-07 00:00:00-04:00,265.0595375962898,266.4119690394745,262.6032557607938,263.7369079589844,4672500,0.0,0.0,CRM,310804873216,53.504116,0.49,6.07
2021-09-08 00:00:00-04:00,262.1557615838497,262.87176367720696,260.12708392799203,261.16131591796875,3851500,0.0,0.0,CRM,310804873216,53.504116,0.49,6.07
2021-09-09 00:00:00-04:00,260.36573569557373,262.24522196445463,259.0033501764864,259.2917175292969,4126500,0.0,0.0,CRM,310804873216,53.504116,0.49,6.07
2021-09-10 00:00:00-04:00,259.5503045231747,260.1370237920141,255.07529927277517,255.77142333984375,5280900,0.0,0.0,CRM,310804873216,53.504116,0.49,6.07
2021-09-13 00:00:00-04:00,255.5725096921923,256.2586795585111,250.78922896198563,252.6985626220703,5258200,0.0,0.0,CRM,310804873216,53.504116,0.49,6.07
2021-09-14 00:00:00-04:00,252.6985876521851,253.69303331369085,251.59475236095227,252.95713806152344,4097500,0.0,0.0,CRM,310804873216,53.504116,0.49,6.07
2021-09-15 00:00:00-04:00,253.12617046428628,255.32390186578246,251.54500563880413,254.7371826171875,4764600,0.0,0.0,CRM,310804873216,53.504116,0.49,6.07
2021-09-16 00:00:00-04:00,254.11068985172625,259.76908789716504,253.58363488334257,258.9138488769531,5122600,0.0,0.0,CRM,310804873216,53.504116,0.49,6.07
2021-09-17 00:00:00-04:00,257.82990506672274,260.2464309887443,257.243185792476,259.0829162597656,7049400,0.0,0.0,CRM,310804873216,53.504116,0.49,6.07
2021-09-20 00:00:00-04:00,255.16478495055242,257.77022748607624,253.52395583104249,256.7857360839844,5985500,0.0,0.0,CRM,310804873216,53.504116,0.49,6.07
2021-09-21 00:00:00-04:00,258.0288083347147,261.09168751608354,256.3382386277311,256.5371398925781,6040600,0.0,0.0,CRM,310804873216,53.504116,0.49,6.07
2021-09-22 00:00:00-04:00,257.46194902643975,258.91383104439245,254.78688804622496,257.73046875,4355600,0.0,0.0,CRM,310804873216,53.504116,0.49,6.07
2021-09-23 00:00:00-04:00,268.5002925891903,277.8381506651986,264.92028261838726,276.3166198730469,15617200,0.0,0.0,CRM,310804873216,53.504116,0.49,6.07
2021-09-24 00:00:00-04:00,276.953115671267,284.76944397376525,276.6647179330717,284.04351806640625,13368300,0.0,0.0,CRM,310804873216,53.504116,0.49,6.07
2021-09-27 00:00:00-04:00,280.87120532544435,282.183880743186,277.4900965039245,278.12652587890625,5941100,0.0,0.0,CRM,310804873216,53.504116,0.49,6.07
2021-09-28 00:00:00-04:00,273.5819376108438,275.1631329550132,268.5401210565291,270.7676696777344,7127100,0.0,0.0,CRM,310804873216,53.504116,0.49,6.07
2021-09-29 00:00:00-04:00,271.97094148937305,273.15433428589387,267.7445473155341,268.99755859375,4361900,0.0,0.0,CRM,310804873216,53.504116,0.49,6.07
2021-09-01 00:00:00-04:00,41.099998474121094,42.04199981689453,40.481998443603516,40.779998779296875,11686400,0.0,0.0,XPEV,16924695552,N/A,N/A,-1.2
2021-09-02 00:00:00-04:00,41.119998931884766,41.63999938964844,40.52000045776367,40.790000915527344,6842500,0.0,0.0,XPEV,16924695552,N/A,N/A,-1.2
2021-09-03 00:00:00-04:00,40.58000183105469,40.619998931884766,39.36000061035156,39.75,5984600,0.0,0.0,XPEV,16924695552,N/A,N/A,-1.2
2021-09-07 00:00:00-04:00,40.209999084472656,42.5,40.18000030517578,41.77000045776367,13189800,0.0,0.0,XPEV,16924695552,N/A,N/A,-1.2
2021-09-08 00:00:00-04:00,40.70000076293945,40.95000076293945,38.7400016784668,39.2599983215332,13391800,0.0,0.0,XPEV,16924695552,N/A,N/A,-1.2
2021-09-09 00:00:00-04:00,39.13999938964844,39.73899841308594,38.04999923706055,39.369998931884766,5636800,0.0,0.0,XPEV,16924695552,N/A,N/A,-1.2
2021-09-10 00:00:00-04:00,39.66999816894531,40.650001525878906,38.439998626708984,38.540000915527344,7484000,0.0,0.0,XPEV,16924695552,N/A,N/A,-1.2
2021-09-13 00:00:00-04:00,38.88999938964844,38.95000076293945,37.25,38.33000183105469,6863100,0.0,0.0,XPEV,16924695552,N/A,N/A,-1.2
2021-09-14 00:00:00-04:00,38.29999923706055,39.400001525878906,38.029998779296875,38.439998626708984,5594400,0.0,0.0,XPEV,16924695552,N/A,N/A,-1.2
2021-09-15 00:00:00-04:00,38.439998626708984,38.650001525878906,36.72999954223633,38.099998474121094,12015900,0.0,0.0,XPEV,16924695552,N/A,N/A,-1.2
2021-09-16 00:00:00-04:00,37.400001525878906,38.0099983215332,36.95000076293945,37.59000015258789,5948300,0.0,0.0,XPEV,16924695552,N/A,N/A,-1.2
2021-09-17 00:00:00-04:00,37.9900016784668,39.119998931884766,37.70000076293945,39.0099983215332,11148000,0.0,0.0,XPEV,16924695552,N/A,N/A,-1.2
2021-09-20 00:00:00-04:00,37.5,37.709999084472656,36.0099983215332,36.59000015258789,8088500,0.0,0.0,XPEV,16924695552,N/A,N/A,-1.2
2021-09-21 00:00:00-04:00,37.0,37.310001373291016,36.47999954223633,36.7400016784668,6686400,0.0,0.0,XPEV,16924695552,N/A,N/A,-1.2
2021-09-22 00:00:00-04:00,37.0,37.529998779296875,36.599998474121094,36.95000076293945,5501200,0.0,0.0,XPEV,16924695552,N/A,N/A,-1.2
2021-09-23 00:00:00-04:00,37.0,37.119998931884766,35.915000915527344,36.810001373291016,8485700,0.0,0.0,XPEV,16924695552,N/A,N/A,-1.2
2021-09-24 00:00:00-04:00,36.470001220703125,36.86000061035156,35.2400016784668,35.34000015258789,5852200,0.0,0.0,XPEV,16924695552,N/A,N/A,-1.2
2021-09-27 00:00:00-04:00,35.18000030517578,36.29999923706055,34.38999938964844,36.119998931884766,9133300,0.0,0.0,XPEV,16924695552,N/A,N/A,-1.2
2021-09-28 00:00:00-04:00,36.06999969482422,36.25,34.58000183105469,34.66999816894531,5914100,0.0,0.0,XPEV,16924695552,N/A,N/A,-1.2
2021-09-29 00:00:00-04:00,34.58000183105469,35.810001373291016,34.310001373291016,34.54999923706055,7095500,0.0,0.0,XPEV,16924695552,N/A,N/A,-1.2
2021-09-01 00:00:00-04:00,177.97999572753906,181.72000122070312,175.0,176.42999267578125,1480000,0.0,0.0,ENPH,8443701760,84.98667,N/A,0.75
2021-09-02 00:00:00-04:00,177.64999389648438,180.30999755859375,175.50999450683594,176.88999938964844,1103200,0.0,0.0,ENPH,8443701760,84.98667,N/A,0.75
2021-09-03 00:00:00-04:00,175.6199951171875,177.69000244140625,172.6699981689453,173.94000244140625,1180700,0.0,0.0,ENPH,8443701760,84.98667,N/A,0.75
2021-09-07 00:00:00-04:00,171.5,172.72000122070312,166.63999938964844,168.72999572753906,1916900,0.0,0.0,ENPH,8443701760,84.98667,N/A,0.75
2021-09-08 00:00:00-04:00,171.36000061035156,174.99000549316406,163.08999633789062,163.3800048828125,2262600,0.0,0.0,ENPH,8443701760,84.98667,N/A,0.75
2021-09-09 00:00:00-04:00,163.4499969482422,164.39999389648438,160.17999267578125,161.36000061035156,2043100,0.0,0.0,ENPH,8443701760,84.98667,N/A,0.75
2021-09-10 00:00:00-04:00,163.0800018310547,164.8000030517578,157.80999755859375,158.22000122070312,2035000,0.0,0.0,ENPH,8443701760,84.98667,N/A,0.75
2021-09-13 00:00:00-04:00,158.99000549316406,161.00999450683594,154.1699981689453,160.08999633789062,1952600,0.0,0.0,ENPH,8443701760,84.98667,N/A,0.75
2021-09-14 00:00:00-04:00,160.4600067138672,162.44000244140625,157.19000244140625,157.9499969482422,1543900,0.0,0.0,ENPH,8443701760,84.98667,N/A,0.75
2021-09-15 00:00:00-04:00,156.8699951171875,157.6699981689453,152.11000061035156,155.52999877929688,2400800,0.0,0.0,ENPH,8443701760,84.98667,N/A,0.75
2021-09-16 00:00:00-04:00,153.94000244140625,157.10000610351562,152.2100067138672,156.7899932861328,1997600,0.0,0.0,ENPH,8443701760,84.98667,N/A,0.75
2021-09-17 00:00:00-04:00,155.42999267578125,161.6699981689453,153.97000122070312,160.88999938964844,3596100,0.0,0.0,ENPH,8443701760,84.98667,N/A,0.75
2021-09-20 00:00:00-04:00,154.66000366210938,156.77000427246094,149.32000732421875,152.44000244140625,2526400,0.0,0.0,ENPH,8443701760,84.98667,N/A,0.75
2021-09-21 00:00:00-04:00,154.91000366210938,155.8000030517578,150.3000030517578,154.2899932861328,1949200,0.0,0.0,ENPH,8443701760,84.98667,N/A,0.75
2021-09-22 00:00:00-04:00,153.24000549316406,158.9199981689453,152.0,158.2100067138672,1304200,0.0,0.0,ENPH,8443701760,84.98667,N/A,0.75
2021-09-23 00:00:00-04:00,158.99000549316406,160.1199951171875,157.0,158.32000732421875,1151100,0.0,0.0,ENPH,8443701760,84.98667,N/A,0.75
2021-09-24 00:00:00-04:00,157.2100067138672,157.38999938964844,152.10000610351562,153.66000366210938,1243100,0.0,0.0,ENPH,8443701760,84.98667,N/A,0.75
2021-09-27 00:00:00-04:00,151.80999755859375,156.8800048828125,148.47000122070312,155.05999755859375,1564900,0.0,0.0,ENPH,8443701760,84.98667,N/A,0.75
2021-09-28 00:00:00-04:00,152.0,153.07000732421875,149.4199981689453,150.7100067138672,1985000,0.0,0.0,ENPH,8443701760,84.98667,N/A,0.75
2021-09-29 00:00:00-04:00,152.3300018310547,153.10000610351562,146.72000122070312,148.39999389648438,1866600,0.0,0.0,ENPH,8443701760,84.98667,N/A,0.75
2021-09-01 00:00:00-04:00,276.1400146484375,279.5299987792969,275.55999755859375,276.7099914550781,1489400,0.0,0.0,ZS,32850063360,N/A,N/A,-0.23
2021-09-02 00:00:00-04:00,277.1099853515625,284.7900085449219,276.3500061035156,282.20001220703125,1591200,0.0,0.0,ZS,32850063360,N/A,N/A,-0.23
2021-09-03 00:00:00-04:00,282.54998779296875,288.8699951171875,281.3800048828125,287.3999938964844,1786400,0.0,0.0,ZS,32850063360,N/A,N/A,-0.23
2021-09-07 00:00:00-04:00,293.44000244140625,293.44000244140625,280.04998779296875,282.9049987792969,1991100,0.0,0.0,ZS,32850063360,N/A,N/A,-0.23
2021-09-08 00:00:00-04:00,282.2550048828125,283.989990234375,277.20001220703125,280.6600036621094,2558200,0.0,0.0,ZS,32850063360,N/A,N/A,-0.23
2021-09-09 00:00:00-04:00,280.4200134277344,284.25,278.6300048828125,280.2200012207031,3115400,0.0,0.0,ZS,32850063360,N/A,N/A,-0.23
2021-09-10 00:00:00-04:00,289.0299987792969,289.0299987792969,269.5199890136719,270.6400146484375,4536200,0.0,0.0,ZS,32850063360,N/A,N/A,-0.23
2021-09-13 00:00:00-04:00,267.6000061035156,269.54998779296875,260.1199951171875,267.8399963378906,2936100,0.0,0.0,ZS,32850063360,N/A,N/A,-0.23
2021-09-14 00:00:00-04:00,269.94000244140625,276.0,269.07000732421875,275.79998779296875,2291100,0.0,0.0,ZS,32850063360,N/A,N/A,-0.23
2021-09-15 00:00:00-04:00,275.8699951171875,278.0299987792969,270.1600036621094,273.44000244140625,1429300,0.0,0.0,ZS,32850063360,N/A,N/A,-0.23
2021-09-16 00:00:00-04:00,273.25,274.6400146484375,266.7099914550781,274.3900146484375,2276200,0.0,0.0,ZS,32850063360,N/A,N/A,-0.23
2021-09-17 00:00:00-04:00,273.3299865722656,276.510009765625,269.6700134277344,275.6600036621094,4428500,0.0,0.0,ZS,32850063360,N/A,N/A,-0.23
2021-09-20 00:00:00-04:00,268.00299072265625,275.0,267.2799987792969,269.9800109863281,1911700,0.0,0.0,ZS,32850063360,N/A,N/A,-0.23
2021-09-21 00:00:00-04:00,272.2300109863281,275.739990234375,269.4800109863281,272.3299865722656,1227800,0.0,0.0,ZS,32850063360,N/A,N/A,-0.23
2021-09-22 00:00:00-04:00,273.9599914550781,279.1700134277344,271.1499938964844,277.70001220703125,1717300,0.0,0.0,ZS,32850063360,N/A,N/A,-0.23
2021-09-23 00:00:00-04:00,279.94000244140625,281.8999938964844,276.3599853515625,280.0199890136719,1699800,0.0,0.0,ZS,32850063360,N/A,N/A,-0.23
2021-09-24 00:00:00-04:00,280.0,280.3999938964844,271.29998779296875,279.989990234375,1126200,0.0,0.0,ZS,32850063360,N/A,N/A,-0.23
2021-09-27 00:00:00-04:00,277.70001220703125,279.572998046875,271.2099914550781,272.7300109863281,1630600,0.0,0.0,ZS,32850063360,N/A,N/A,-0.23
2021-09-28 00:00:00-04:00,267.989990234375,268.0,256.010009765625,258.739990234375,3149000,0.0,0.0,ZS,32850063360,N/A,N/A,-0.23
2021-09-29 00:00:00-04:00,263.4100036621094,265.4200134277344,256.79998779296875,258.8800048828125,2244000,0.0,0.0,ZS,32850063360,N/A,N/A,-0.23
2021-09-01 00:00:00-04:00,44.22463776518448,44.34525164057029,44.06382028711616,44.1763916015625,12647300,0.0,0.0,VZ,172155682816,9.878019,6.61,4.14
2021-09-02 00:00:00-04:00,44.16835005870905,44.47390294612849,44.14422851168635,44.457820892333984,12875900,0.0,0.0,VZ,172155682816,9.878019,6.61,4.14
2021-09-03 00:00:00-04:00,44.417617697206545,44.62667826376838,44.361328974742584,44.57039260864258,11006200,0.0,0.0,VZ,172155682816,9.878019,6.61,4.14
2021-09-07 00:00:00-04:00,44.53019483085372,44.62668409978224,44.06382440757854,44.07990646362305,15500900,0.0,0.0,VZ,172155682816,9.878019,6.61,4.14
2021-09-08 00:00:00-04:00,44.05578962090738,44.29701435267457,44.05578962090738,44.152278900146484,11835900,0.0,0.0,VZ,172155682816,9.878019,6.61,4.14
2021-09-09 00:00:00-04:00,44.08794851557818,44.1201095599568,43.766313533083725,43.77435302734375,19403300,0.0,0.0,VZ,172155682816,9.878019,6.61,4.14
2021-09-10 00:00:00-04:00,43.870844769955625,43.95929147497541,43.59745595872941,43.60549545288086,15944100,0.0,0.0,VZ,172155682816,9.878019,6.61,4.14
2021-09-13 00:00:00-04:00,43.742186185280524,44.208553474011765,43.742186185280524,43.91908264160156,20749000,0.0,0.0,VZ,172155682816,9.878019,6.61,4.14
2021-09-14 00:00:00-04:00,43.943206641828255,44.03969589550401,43.64569325304273,43.75022506713867,16937500,0.0,0.0,VZ,172155682816,9.878019,6.61,4.14
2021-09-15 00:00:00-04:00,43.6698227774546,43.951251077045185,43.6698227774546,43.878883361816406,15330000,0.0,0.0,VZ,172155682816,9.878019,6.61,4.14
2021-09-16 00:00:00-04:00,43.919082740554316,44.05577866387295,43.701979615757516,43.76630783081055,14431400,0.0,0.0,VZ,172155682816,9.878019,6.61,4.14
2021-09-17 00:00:00-04:00,43.5331234216717,43.790430151755324,43.46879827281988,43.645694732666016,30787600,0.0,0.0,VZ,172155682816,9.878019,6.61,4.14
2021-09-20 00:00:00-04:00,43.468805167084454,43.88692943662048,43.428598491919736,43.62961959838867,20440500,0.0,0.0,VZ,172155682816,9.878019,6.61,4.14
2021-09-21 00:00:00-04:00,43.65374292249189,43.93517123626775,43.428597204132636,43.444679260253906,16906900,0.0,0.0,VZ,172155682816,9.878019,6.61,4.14
2021-09-22 00:00:00-04:00,43.53312474186701,43.73414582254969,43.43663548199404,43.46879959106445,15907900,0.0,0.0,VZ,172155682816,9.878019,6.61,4.14
2021-09-23 00:00:00-04:00,43.581373786765994,43.911048258187805,43.42859579225006,43.758270263671875,14714100,0.0,0.0,VZ,172155682816,9.878019,6.61,4.14
2021-09-24 00:00:00-04:00,43.710020046974,43.87887700225516,43.621570289253974,43.71805953979492,12663900,0.0,0.0,VZ,172155682816,9.878019,6.61,4.14
2021-09-27 00:00:00-04:00,43.782398930462854,43.94321643398385,43.72611326433132,43.79848098754883,13118200,0.0,0.0,VZ,172155682816,9.878019,6.61,4.14
2021-09-28 00:00:00-04:00,43.78239479946335,43.97537333160943,43.4446777672,43.54920959472656,19528200,0.0,0.0,VZ,172155682816,9.878019,6.61,4.14
2021-09-29 00:00:00-04:00,43.492927143776306,43.95125502562192,43.492927143776306,43.726112365722656,14823000,0.0,0.0,VZ,172155682816,9.878019,6.61,4.14
2021-09-01 00:00:00-04:00,111.38187650470864,113.78974481670639,111.08089549842316,112.88679504394531,3847200,0.0,0.0,BX,201554116608,45.46832,2.4,3.63
2021-09-02 00:00:00-04:00,113.48875467990094,114.59531432675607,113.01957447025902,113.5949935913086,3344100,0.0,0.0,BX,201554116608,45.46832,2.4,3.63
2021-09-03 00:00:00-04:00,113.93138342103092,115.77270037324219,113.55958098469144,114.19696044921875,2767200,0.0,0.0,BX,201554116608,45.46832,2.4,3.63
2021-09-07 00:00:00-04:00,113.93139299851437,114.18812243354077,111.5766372831774,112.48844146728516,3260600,0.0,0.0,BX,201554116608,45.46832,2.4,3.63
2021-09-08 00:00:00-04:00,112.07236303258139,113.93138194408378,111.92187253704788,113.58613586425781,2362800,0.0,0.0,BX,201554116608,45.46832,2.4,3.63
2021-09-09 00:00:00-04:00,113.70122981633888,115.87008422903243,113.11696302531824,114.55992126464844,2209000,0.0,0.0,BX,201554116608,45.46832,2.4,3.63
2021-09-10 00:00:00-04:00,115.40090159108748,115.49827938757954,113.14351704172358,113.96680450439453,2144400,0.0,0.0,BX,201554116608,45.46832,2.4,3.63
2021-09-13 00:00:00-04:00,114.86974901615777,115.38319435819386,112.43532433381735,114.38287353515625,2638800,0.0,0.0,BX,201554116608,45.46832,2.4,3.63
2021-09-14 00:00:00-04:00,115.08221110358427,117.14484004660869,114.59532212427652,115.61336517333984,3478400,0.0,0.0,BX,201554116608,45.46832,2.4,3.63
2021-09-15 00:00:00-04:00,115.64876331418004,119.88909401237798,115.25925215035892,119.15435028076172,4374300,0.0,0.0,BX,201554116608,45.46832,2.4,3.63
2021-09-16 00:00:00-04:00,119.065825904033,120.17238562433072,117.26877399889426,119.54385375976562,3725100,0.0,0.0,BX,201554116608,45.46832,2.4,3.63
2021-09-17 00:00:00-04:00,119.8536853837379,121.1815569317553,118.26023682455543,118.295654296875,17114400,0.0,0.0,BX,201554116608,45.46832,2.4,3.63
2021-09-20 00:00:00-04:00,113.80743600609593,114.05530426808846,107.48676830967172,109.73529815673828,10694500,0.0,0.0,BX,201554116608,45.46832,2.4,3.63
2021-09-21 00:00:00-04:00,111.16057271310332,114.83435265654603,111.1163076188586,112.93106842041016,5850800,0.0,0.0,BX,201554116608,45.46832,2.4,3.63
2021-09-22 00:00:00-04:00,113.01958884878356,113.88712794010134,110.52319023803891,111.38188171386719,4473500,0.0,0.0,BX,201554116608,45.46832,2.4,3.63
2021-09-23 00:00:00-04:00,112.99301533800157,114.58646389181138,111.65628942641133,112.5061264038086,3648000,0.0,0.0,BX,201554116608,45.46832,2.4,3.63
2021-09-24 00:00:00-04:00,110.77990229742605,111.64744805946664,109.46973941667612,110.74449157714844,3115700,0.0,0.0,BX,201554116608,45.46832,2.4,3.63
2021-09-27 00:00:00-04:00,110.01858982323651,110.43465734838016,107.6638343088404,109.18645477294922,3349000,0.0,0.0,BX,201554116608,45.46832,2.4,3.63
2021-09-28 00:00:00-04:00,106.35365301842452,106.59267366810565,102.20183934402009,104.61856842041016,4755800,0.0,0.0,BX,201554116608,45.46832,2.4,3.63
2021-09-29 00:00:00-04:00,106.10579378243423,106.47759620923368,104.41496737109206,105.2736587524414,2434500,0.0,0.0,BX,201554116608,45.46832,2.4,3.63
2021-09-01 00:00:00-04:00,349.3134478611386,349.3134478611386,346.18956794442624,346.5503845214844,508300,0.0,0.0,NOC,64423657472,15.698412,1.88,28.35
2021-09-02 00:00:00-04:00,346.5693729287944,349.797684579935,346.5693729287944,349.7027282714844,665600,0.0,0.0,NOC,64423657472,15.698412,1.88,28.35
2021-09-03 00:00:00-04:00,349.189972459268,349.67420031126795,346.9776095545827,347.4523620605469,379400,0.0,0.0,NOC,64423657472,15.698412,1.88,28.35
2021-09-07 00:00:00-04:00,345.1830895435416,347.06309108222933,340.4640480733495,340.7583923339844,869100,0.0,0.0,NOC,64423657472,15.698412,1.88,28.35
2021-09-08 00:00:00-04:00,340.65393170120285,344.1860918053678,340.2931441062911,342.2016296386719,560100,0.0,0.0,NOC,64423657472,15.698412,1.88,28.35
2021-09-09 00:00:00-04:00,342.1351972136809,343.52149567388653,338.688517665458,338.76446533203125,1259200,0.0,0.0,NOC,64423657472,15.698412,1.88,28.35
2021-09-10 00:00:00-04:00,339.78043199686203,340.02728363778675,335.0423814788987,336.21978759765625,669300,0.0,0.0,NOC,64423657472,15.698412,1.88,28.35
2021-09-13 00:00:00-04:00,337.7769353632378,339.4955372779507,332.0989134041783,335.8399658203125,647800,0.0,0.0,NOC,64423657472,15.698412,1.88,28.35
2021-09-14 00:00:00-04:00,337.13129125735526,337.8529244331992,331.4817241077288,333.9694519042969,848300,0.0,0.0,NOC,64423657472,15.698412,1.88,28.35
2021-09-15 00:00:00-04:00,334.2352812198773,339.16321473713793,333.68455206514295,337.77691650390625,611500,0.0,0.0,NOC,64423657472,15.698412,1.88,28.35
2021-09-16 00:00:00-04:00,338.7454906417864,339.0777942866061,331.62420151108347,332.0039978027344,584300,0.0,0.0,NOC,64423657472,15.698412,1.88,28.35
2021-09-17 00:00:00-04:00,333.162415301934,337.78650135178657,329.497309875091,332.5547180175781,1901700,0.0,0.0,NOC,64423657472,15.698412,1.88,28.35
2021-09-20 00:00:00-04:00,329.44978300400504,333.8934598811761,327.73118110522825,331.1968688964844,634800,0.0,0.0,NOC,64423657472,15.698412,1.88,28.35
2021-09-21 00:00:00-04:00,331.2158665604163,332.65913292400757,327.47484295233244,327.71221923828125,535200,0.0,0.0,NOC,64423657472,15.698412,1.88,28.35
2021-09-22 00:00:00-04:00,329.50681622923116,332.7731167112521,328.35792295363586,330.92156982421875,585700,0.0,0.0,NOC,64423657472,15.698412,1.88,28.35
2021-09-23 00:00:00-04:00,333.36182197332477,334.98546796999125,330.66523032026714,333.19091796875,845100,0.0,0.0,NOC,64423657472,15.698412,1.88,28.35
2021-09-24 00:00:00-04:00,334.3776966984112,339.1062422056373,333.86495586591826,337.73895263671875,608700,0.0,0.0,NOC,64423657472,15.698412,1.88,28.35
2021-09-27 00:00:00-04:00,338.63159451192246,343.08474784735967,338.63159451192246,339.17279052734375,613100,0.0,0.0,NOC,64423657472,15.698412,1.88,28.35
2021-09-28 00:00:00-04:00,338.69796245902114,342.77134752785463,338.4036181906291,340.2076721191406,767200,0.0,0.0,NOC,64423657472,15.698412,1.88,28.35
2021-09-29 00:00:00-04:00,340.66349455718387,347.51892366393537,337.84346278806004,344.65142822265625,762300,0.0,0.0,NOC,64423657472,15.698412,1.88,28.35
2021-09-01 00:00:00-04:00,10.619103564188402,10.773948950969455,10.51315692513274,10.684301376342773,58875700,0.0,0.0,F,36881092608,6.3734927,7.91,1.46
2021-09-02 00:00:00-04:00,10.668001994172446,10.765798709491175,10.570205278853718,10.602804183959961,49053200,0.0,0.0,F,36881092608,6.3734927,7.91,1.46
2021-09-03 00:00:00-04:00,10.586504620126385,10.635403367676327,10.488707902245727,10.50500774383545,41616700,0.0,0.0,F,36881092608,6.3734927,7.91,1.46
2021-09-07 00:00:00-04:00,10.456109716121528,10.627254178499683,10.439810650628946,10.553906440734863,64008900,0.0,0.0,F,36881092608,6.3734927,7.91,1.46
2021-09-08 00:00:00-04:00,10.570205461805559,10.77394881655082,10.52130671469024,10.61910343170166,57980900,0.0,0.0,F,36881092608,6.3734927,7.91,1.46
2021-09-09 00:00:00-04:00,10.553904845591308,10.553904845591308,10.36646134605125,10.399060249328613,68806400,0.0,0.0,F,36881092608,6.3734927,7.91,1.46
2021-09-10 00:00:00-04:00,10.464257916054548,10.5376056417533,10.317562464657044,10.3338623046875,48792500,0.0,0.0,F,36881092608,6.3734927,7.91,1.46
2021-09-13 00:00:00-04:00,10.399060478866456,10.586503982543945,10.28496392626765,10.586503982543945,62270800,0.0,0.0,F,36881092608,6.3734927,7.91,1.46
2021-09-14 00:00:00-04:00,10.537605148252835,10.643551771831623,10.4235086050405,10.48055648803711,47640800,0.0,0.0,F,36881092608,6.3734927,7.91,1.46
2021-09-15 00:00:00-04:00,10.505007507019752,10.798397654047795,10.439809696569075,10.773948669433594,60282100,0.0,0.0,F,36881092608,6.3734927,7.91,1.46
2021-09-16 00:00:00-04:00,10.741349270887904,11.02658948420452,10.67615146343158,10.920642852783203,76426100,0.0,0.0,F,36881092608,6.3734927,7.91,1.46
2021-09-17 00:00:00-04:00,10.928793984401093,11.165136256931955,10.91249491933996,11.042890548706055,76182400,0.0,0.0,F,36881092608,6.3734927,7.91,1.46
2021-09-20 00:00:00-04:00,10.651702300263484,10.749499016934196,10.293114339137535,10.447958946228027,126152200,0.0,0.0,F,36881092608,6.3734927,7.91,1.46
2021-09-21 00:00:00-04:00,10.505007061565667,10.570204869251697,10.31756278155395,10.407210350036621,60473100,0.0,0.0,F,36881092608,6.3734927,7.91,1.46
2021-09-22 00:00:00-04:00,10.52945556386214,10.912493249424038,10.521305643969109,10.782096862792969,75784000,0.0,0.0,F,36881092608,6.3734927,7.91,1.46
2021-09-23 00:00:00-04:00,10.879896265089641,11.19773542475835,10.855446501100296,11.173286437988281,68708100,0.0,0.0,F,36881092608,6.3734927,7.91,1.46
2021-09-24 00:00:00-04:00,11.132536612695944,11.360728948981906,11.116237548713693,11.23033332824707,57440200,0.0,0.0,F,36881092608,6.3734927,7.91,1.46
2021-09-27 00:00:00-04:00,11.319982314217972,11.645971406769243,11.311832392599365,11.540024757385254,68769700,0.0,0.0,F,36881092608,6.3734927,7.91,1.46
2021-09-28 00:00:00-04:00,11.923060829256272,12.004557702200149,11.597071005823183,11.662269592285156,107090900,0.0,0.0,F,36881092608,6.3734927,7.91,1.46
2021-09-29 00:00:00-04:00,11.784515108045948,11.817114012163149,11.548172858891453,11.654119491577148,56805500,0.0,0.0,F,36881092608,6.3734927,7.91,1.46
